title,abstract,id,grant_category,grant_offer,start_date,end_date,funder_name,lead_org,tech_abstract,potential_impact,status,social_science_themes
From monstrous mushrooms to mycological futures,"Contemporary genre narratives across film, TV, literature and video games are increasingly exploring the role of
fungi as part of speculative worldbuilding. Once feared for their alien, monstrous alterity and taxonomic uncertainty,
a renewed cultural fascination with fungi and mycelium is prompting contemporary science fiction (SF) and horror
texts to reconsider fungi through the lens of nonhuman possibility. Incorporating genre studies, critical
posthumanism and formal close analysis, this thesis will explore how the fungal is used to explore the inescapable
entanglement of human and nonhuman worlds and rethink ideas of human agency and subjectivity. In examining
how fungi are being deployed conceptually and formally in recent genre texts from across mediums, this thesis will
examine how fungi can help to imagine radical and hopeful forms of contemporary being and future survival at a
time of planetary and interspecies crisis.",4DF8845D-FF31-4BD6-8C9F-830AAF3B2308,Studentship,,,,AHRC,,,,Active,ethnography/cultural
Porous Bodies: Ecology and the Dynamics of Mattering in Contemporary Art.,"This project examines how the use of biological materials in contemporary art produces a porous understanding of the body, personhood, and interspecies relations. As such, it will analyse and contextualise one of the most significant tendencies of art produced over the past decade. My analysis centres on artists whose practices incorporate active chemical and organic substances - ranging from endocrine disrupters to bacteria, fungi, and moulds - situating their work in relation to the ecological crisis. Subject to unpredictable biological processes, these artworks fundamentally challenge interpretive frameworks based on individual intention, agency, or causality; presenting a compelling parallel with the unstable boundaries of the body itself. Offering an innovative reading of the relationship between matter and meaning in these artists' work, I argue they stage a 'porous' account of the body that subverts anthropocentric hierarchies. 
I study a group of artists, which includes Anicka Yi, Jenna Sutela, Candice Lin, and Mary Maggic, whose work is rooted in an ecological sensibility and an expanded conception of subjectivity. Notably, the human body is rarely represented in these artists' work. Rather, it is invoked through somatic processes that draw attention to the permeability and malleability of bodily frontiers. This persistent refusal to image the human form subverts the taxonomic impulses of figuration, demonstrating that the bodily is not synonymous with the anthropocentric. Further, in emphasising the sensorial over the spectatorial, these artworks encourage a visceral response that de-stabilises mind / body dualisms. Situating this changing status of figuration in relation to the ecological crisis, this project examines how the body is experienced at this point of epistemic rupture. 
This project contributes to an urgent research agenda focused on the role of the visual arts in confronting the ecological crisis. Extant literature in this field has largely overlooked how the materiality of the work of art shapes its affective potential. I address this oversight, by asking how materials and material praxes are implicated in the process of mattering. My use of the term 'matter' in this instance alludes to its verbal usage, denoting something of consequential importance. How the human body 'matters' therefore has a direct impact on interspecies relations. At its core, my research seeks to better understand how representations of the body intervene in this dynamic. To this end, I advocate a 'diffractive' approach that, in reading matter and meaning through one another, questions interpretive frameworks based on individual agency and positions knowledge as an ongoing process of world-making. I argue for artistic practice as an immanent mode of analysis, which is not simply illustrative, but potentially productive of ecological consciousness.",BA4131E2-005F-47F8-BB22-D4B1B294B96E,Studentship,,,,AHRC,,,,Active,arts/humanities
Medical Research Council Centre for Medical Mycology,"Fungi have a major impact on global health. These organisms infect billions of people annually, and global mortality figures for fungal diseases rival or exceed those for tuberculosis and malaria. Despite the high rates of death and the loss of health they cause, the enormous impact of fungi on human health is not widely appreciated, and fungal infections remain understudied compared with other diseases. Moreover, we are discovering new fungal species that cause life threatening infections, and learning that fungi can aggravate other serious infections, such as influenza or COVID19. There is a pressing need for more research in this field. 

There are three priorities that require urgent attention if we are to successfully combat fungal infections. (i) We need to improve our ability to detect fungal infections in patients. (ii) We need to use our existing drugs more wisely and to generate improved antifungal drugs (especially to overcome a worrying increase in drug resistance). (iii) We need to enhance the understanding of how fungi cause disease and how our immune system combats these infections, to enable us to exploit this knowledge for novel therapies. Importantly, there is a world-wide shortage of scientists and doctors who are working in this field, and this is the main factor hindering our ability to tackle these challenges.

The Medical Research Council Centre for Medical Mycology (MRC CMM) is meeting this global challenge by pioneering interdisciplinary research, establishing international units in low and middle income regions of the world that suffer high burdens of fungal infections, and increasing capacity by training the next generation of scientists and doctors. We are also raising awareness and influencing policy regarding the management of fungal diseases within the scientific and medical communities, and the general public. 

Since its launch in Aberdeen in 2016, and relocation to Exeter in 2019, the MRC CMM has grown considerably. We have established a satellite site in Africa (the AFGrica Unit in Cape Town) and will establish similar Units in South America (Brazil) and in Asia (tbc). The objectives of these Units are to promote research and training in fungal diseases relevant to those geographic regions. Through our MRC Centre and its satellite Units, we will promote awareness of fungal disease and of our activities through an ambitious programme of engagement that targets key audiences.

During the next quinquennium we will recruit two outstanding scientists who will enhance and expand the Centre's broad and complementary expertise in key areas. Our research will be focussed into five exciting and interdisciplinary themes that address major challenges facing this field. A key objective of the MRC CMM is to increase capacity in medical mycology in the UK and globally by delivering an outstanding cohort of researchers through our world leading training programmes. This will include a bespoke MRes-PhD programme that will provide 15 students with a broad interdisciplinary training that is not available anywhere else; 2 Early Career Fellowships to fast-track an independent research career in medical mycology for exceptional individuals; 3 PhD Fellowships for excellent clinicians wishing to pursue a clinical academic career in medical mycology; 10 summer scholarships for medical students, to stimulate their interest in academia and in medical mycology; and to promote training in medical mycology in low and middle income countries through our International Units via locally funded Studentships and Fellowships, bilateral exchanges, workshops and training courses. These Fellows, PhD students and clinical trainees will foster integration across the Centre and beyond, and help enable our innovative interdisciplinary research programmes. Importantly, the increased capacity offered by these individuals will greatly facilitate our ability to tackle these devastating diseases in the future.",B72A1068-E0A3-4540-AFB0-F1BD80282960,Research Grant,,,,MRC,,"Creation of the MRC CMM empowered expansion of critical mass that enabled interdisciplinary research in areas of scientific, translational and clinical importance. This has led to numerous discoveries, attracted significant additional funding, facilitated strategic interactions with other national and international groups, and enabled greater public engagement and understanding of our science. We also established the first International satellite centre in the field, the AFGrica Unit.
In the next quinquennium, a key objective is to further increase UK and global capacity in medical mycology through the recruitment of excellent Early Career Fellows, PhD students, and clinical trainees. Moreover, we will establish satellite Units in South America and Asia, to facilitate research and training in regions of the world that suffer high burdens of fungal disease. With the recruitment of two scientists in key areas, our research will be focused into the following interdisciplinary themes that will underpin the Centre's scientific and training strategy:
a. Fungal growth, adaptation and morphogenesis in the context of human infections, and implications for immunity, disease phenotypes and therapy.
b. Fungal components as antifungal drug targets, diagnostics, vaccine antigens and adjuvants.
c. Evolution and impact of antifungal drug resistance, and mitigation strategies.
d. Host-fungus interactions and key mediators of disease establishment and progression at molecular, cellular and organismal levels.
e. Determinants of patient susceptibility, including immunity and comorbidities, to enable directed diagnosis, treatment and prevention of fungal disease.

With continued MRC support over the next quinquennium, the MRC CMM will become the largest Centre of Excellence for research and training in Medical Mycology in the world. Our ambitious programme of training, research, engagement and international outreach is focused on tackling the major challenges facing the field.",,Active,policy/governance
&quot;Fungal One Health and Antimicrobial Resistance Network&quot;,"Fungal infections are a growing problem, now killing more people than tuberculosis or malaria globally. Unfortunately fungi are also becoming resistant to the main anti fungal drugs we use to treat them. We have show that this is due to mass use of antifungals in agriculture. These are needed because fungi are the main pathogens that destroy crops. Furthermore global warming is increasing the threat of fungi across plant, animal and human health.

To combat this, new types of antifungal therapies are coming into medical use, however we are already seeing equivalent antifungals being used in agriculture, known as &quot;dual-use&quot;. We urgently need a holistic framework to ensure that we don't lose the efficacy of anti fungal drugs, both as medicines and as fungicides, whilst ensuring that we can continue to ensure that our food supplies are protected.

In order to address the issue of antifungal resistance we have developed a Fungal One Health and Antimicrobial Resistance Network. One health refers to approaches that seek to balance and optimise the health of people, animals and ecosystems.

The key challenges we face our to be able to understand the specific reasons why emergence of anti fungal resistance occurs within a one health context, to develop early warning systems that allow us to know when resistance in occurring or spreading, to identify the key hot-spots in the environment where anti fungal resistance is occurring, and have better understanding of where antifungals are being used most across one health.

This will allow us to identify appropriate countermeasures that allow us to deliver judicious stewardship of antifungals so they can be used appropriately to enable food security and animal and human health, whilst ensuring that the risk of anti fungal resistance is minimised. In order to address these challenges and deliver appropriate countermeasures we have brought together a diverse range of scientists from across the relevant disciplines, as well as key stakeholders from relevant government departments, healthcare, agrochemical and pharmaceutical industries and end users such as farmers and patients. They will contribute to 4 working groups that focus on

1: the underlying causes of dual use anti fungal resistance,

2: surveillance of anti fungal resistance,

3: understanding the role of agricultural waste streams and water as hotspots for antifungal resistance, and

4: developing countermeasures such as anti fungal stewardship and other interventions to mitigate the risk of antifungal resistance.

Our key aims will be to advance our knowledge of the underlying drivers of dual use antifungal resistance, how this occurs within the ecosystem, to develop surveillance systems and antifungal stewardship toolkits. We will develop policy documents and white papers, undertake outreach with end users, the public, governmental bodies and NGOs. The Network will train the next generation of multidisciplinary researchers in this area and develop pragmatic research proposals to enable us to fight the spread of anti-fungal resistance.",26501C74-A752-4C61-9D92-A46C0F555535,Research and Innovation,,,,BBSRC,,,,Active,policy/governance
Fragrance in the Fungarium: Capturing Heritage Scents of Mushrooms and Mycological Art,"Smell is one of our most important and powerful senses, affecting our emotions and helping us form new memories. Interest in capturing and synthesising scents to create multi-sensory experiences in museums and galleries is growing. In the natural world scent is also a key tool in the identification of plants and fungi, and it is generally acknowledged that the ability to distinguish between smells increases as individuals become more experienced with the process.

This project aims to investigate the role scents and smelling have in our experiences of international cultural heritage collections. Through the creation of artistic and inclusive interpretations of fungus biodiversity, the project will reveal a new olfactory dynamic to our engagement with both tangible and intangible cultural heritage. 

Using an experimental practice-based approach, the project will explore how odours of living collections and archival material at the Royal Botanic Gardens Edinburgh (RBGE) and Regional Gardens, alongside characterisations of scent in the art of mushrooms, can be captured, contextualised and communicated to engage diverse audiences with heritage smells. The project will use James Sowerby's (1797-1809) 'Coloured figures of English fungi or mushrooms' as a case study. In collaboration with University College London's Institute of Sustainable Heritage, the project will also analyse and interpret the odour of a first-edition copy of Hadrianus Junius (1564) 'The Description of the Phallus', a sixteen-page pamphlet held in the KB National Library of The Netherlands, The Hague, that describes in prose, poetry and woodcut illustration the dune stinkhorn Phallus hadriani, and is believed to be the earliest printed work dedicated to a single species of mushroom.

The project will be approached through a range of creative and interdisciplinary heritage practices, including the documentation and critical analysis of historical and contemporary artworks depicting mushrooms; video and photography of living and dried fungus specimens in the RBGE Herbarium; and exhibition curation informed by creative responses to other related items held in other UK archives. 

A series of outputs will be delivered, including: an artist's essay film combining documentary footage, studio animation, voice and new music composition; a contribution to a fungus-themed contemporary art exhibition at Inverleith House, RBGE (autumn 2024); a creative events and community engagement programme aimed at the wider public and staged across all four Regional Gardens; an in-house publication featuring new writing, photography, and reproductions of mycological art from the RBGE and affiliated collections; plus publications in peer-reviewed journals aimed at the arts and heritage sector. 

Through the case study of stinkhorns, and by working in partnership with the RBGE, Regional Gardens and global partners, an innovative method will be developed for the promotion of heritage scents as a valuable resource for diversifying audience engagement with gardens and fungi. This practice-based approach can be repeated at other GLAM institutions worldwide and is thereby potentially of national and international significance.",368B48DD-5BC5-4AE1-A19B-C805C5BF98F6,Fellowship,,,,AHRC,,,,Active,arts/humanities; ethnography/cultural
"Impact of food processing on the functional, structural and sensorial characteristics of alternative proteins sources","The demand for proteins has increased due to several reasons, among them a growing population, socio-economic changes (increase in income) and increased awareness of the contribution of proteins in healthy diet and aging. Sources for new proteins that are of interest for this project are UK-grown protein crops (cereals and legumes), quality protein from secondary streams (agro-industrial by-products), and products obtained from microorganisms (bacteria, fungi or microalgae).

The aim of this project is to evaluate the potential of alternative protein sources for food product reformulation by assessing the impact of processing operations in the product properties (physical and nutritional properties) and consumer perception of its texture, taste and flavour.",FCB9DAB8-287B-4746-B397-366D0539A033,Studentship,,,,BBSRC,,,,Active,social science/sociology
AirEx Roomvent certification,"AirEx has developed a demand-responsive ventilation system designed for retrofitting into existing dwellings. This is a practical solution for retrofit contractors who need to provide additional ventilation required by PAS 2035 as part of their retrofit projects and for social landlords addressing health risks to their residents from issues arising from damp and mould.

Unlike other ventilation solutions on the market, our system has the advantage of providing automated ventilation only when necessary. This means that when the air quality in a home is already good, ventilation can be minimised, reducing cold airflow into the home and lowering energy consumption for households.

Barriers to retrofit projects include resident acceptance and the need for project compliance with PAS2035 and other regulations. Consequently compliance of products installed in projects is crucial to avoid exposing clients to regulatory risk.

This project aims to secure the necessary certifications for the components and/or the whole system, enabling confident deployment by customers to comply with the PAS2035 standards and government regulations for healthy homes.",A3E816A4-43CD-4EF1-BE77-B9814016E7F4,Collaborative R&D,46342.0,,,Innovate UK,AIREX TECHNOLOGIES LTD,,,Active,housing/damp/mould
Contesting dispossession by damp: Life experiences and media representations in London Housing Association estates,"Household damp and mould are problems of growing prominence in
Britain, often with severe and life limiting implications for those who
endure them. Treating those whose health has been impacted by poor
housing conditions is estimated to cost the NHS &pound;1.4 billion annually
(Garret et al, 2021). In November 2022 it became public knowledge
that Awaab Ishak, a two-year-old living in social housing provided by
housing association Rochdale Boroughwide Housing, had died in 2020
due to the poor conditions he lived in. Against a present backdrop of
rising energy prices and levels of fuel poverty, the issue of household dampness is
unlikely to be resolved.

This research proposes a dual examination of the phenomena of
dampness in Housing Association (HA) estates in London - that is,
both into the material conditions in damp housing, and the media
representation of those conditions - in order to critically question how
damp housing conditions dispossess the urban poor. Using a mixed
methods approach with an embodied focus, this research aims to
provide new insights into household damp in Housing Association
stock undergoing regeneration, and a critical assessment of the
relationship media coverage has to tenants' experiences of
(contesting) these conditions. It envisions a public life for its findings
and outputs, both developing tools for use 'on the ground' within
affected communities through participatory methods, and producing
policy recommendations and briefings.",C59DC641-1775-4715-8C11-C5F3228791FD,Studentship,,,,ESRC,,,,Active,housing/damp/mould
Transforming landscapes: the role of large herbivores in Holocene ecosystem dynamics,"Large herbivores play a significant role in Earth System function and work to date has identified the wide-ranging impacts that the late Quaternary extinction of megaherbivores may have had on ecosystem function (Mahli et al. 2016). By contrast, in long-settled regions like NW Europe, large herbivores - wild and domesticated - are often implicated in Holocene landscape transformation (Fyfe et al. 2015), but we lack a comparable understanding of their functional role and how this has altered over the long timescales involved in vegetation development or climate change.
This gap matters for ecology and conservation (e.g. setting baselines for a 'wilder' landscape), as well as archaeology and history (e.g. how transitions between wild and domesticated grazing regimes affected biodiversity). These issues are particularly relevant to the Scottish Highlands, the focus for this project, because this is a landscape in flux: animals have been an influential component since prehistory, were instrumental to socio-economic and ecological transitions in the historic past (Hanley et al. 2008) and remain a source of tension in contemporary management. The extent to which climate has constrained or facilitated tree growth alongside dynamic grazing regimes also remains unclear but is highly relevant to future woodland resilience.
Palynology (pollen analysis) has been the most widely used proxy for studying herbivory over long timescales but is an imperfect tool: using pollen to identify both grazing disturbance and its effects on plant communities adds potential circularity to causal arguments, and pollen cannot be used to infer which animals were present. Dung fungi can be used as an additional proxy alongside pollen data to identify major shifts in herbivore abundance (Baker et al. 2013) and faecal biomarkers to discriminate between animal species (McClymont et al. 2023). Independent records of climate change can also be extracted from the biomarker signal, to set the observed trends into context with environmental changes. To date only a few studies have combined these proxies (Davies et al. 2022, Brown et al. 2022). Integrating these methods can address Scotland-specific and broader long-term ecological questions e.g., to examine the role of herbivores as 'ecosystem engineers' and how this altered through the Holocene.
The project aims to combine dung fungi, biomarkers and pollen into a palaeo-grazing toolkit to evaluate the role of large herbivores in Holocene vegetation transitions, with emphasis on woodlands. It will examine the following research questions:
- Sensitivity testing: How does the sensitivity of the grazing signal vary between proxies and site type (peat, lake) when applied to recent grazing regime change?
- Temporal interactions: How does the grazing signature and its palynological vegetation impact vary between sites and over time (e.g. between periods with contrasting large herbivore assemblages)?
- Impact agenda: How can palaeoecological data combined with contemporary management concerns develop more accessible evidence about long-term grazing ecology?",923CD6BD-7BE3-4E0F-857F-F4F3FB3C3016,Studentship,,,,NERC,,,,Active,social science/sociology
ICF: Indoor HABItability during the Transition to Net Zero Housing Hub: INHABIT,"To meet its legally-binding target of achieving net zero emissions of greenhouse gases (GHG) by 2050, the UK must eliminate GHG emissions from homes. This enormous task involves retrofitting—the process of upgrading the energy efficiency—of the 29 million homes.

These retrofits will significantly change indoor environments, bringing health co-benefits by improving home warmth during the winter and providing protection against harmful outdoor air pollutants. However, if not done properly, these modifications can trap indoor air pollutants and moisture, deteriorating indoor air quality and causing issues such as damp/mould. These conditions can adversely affect health and wellbeing, particularly for the most vulnerable in society, such as older people and those with pre-existing conditions like asthma.

An opportunity and challenges

Retrofitting the UK's homes will require a substantial investment—estimated at &pound;250 billion by 2050. This offers an unprecedented opportunity to enhance environmental and socio-economic outcomes, including public health improvements and reduced inequalities.

However, our current lack of scientific knowledge and tools hampers our ability to fully capitalise on this potential. Specifically, we lack understanding of how retrofitting impacts the indoor environment and health in real-world scenarios and we do not have comprehensive tools to assess both positive and negative health impacts of retrofit options. Furthermore, our insights into the complex interactions among the indoor environment, health, inequalities, behaviours, and regulatory and financial frameworks are limited.

The INHABIT Hub has been specifically established to tackle these complex challenges.",0168A7A9-3B96-4E0B-BDE4-EDEC9B56A9EF,Research and Innovation,,,,MRC,,,,Active,social science/sociology
"Managing at Home in Times of Crisis: How Climate, COVID-19 and Cost of Living Crises Intersect in Everyday Life and What We Can Do About It","In recent years, households in the UK have been rocked by external shocks to our already delicate social system: the cost of living crisis, the climate crisis and COVID-19. These shocks have directly shaped the everyday lives of households: creating financial hardship, ill health and social isolation. They have also exposed our housing infrastructure as inadequate to withstand high temperatures, to reduce disease spread, to provide good indoor air quality, and to shelter people against the heat and cold in the context of high energy prices. People spend a substantial amount of their time in the home environment: up to 2/3 of their life, and as such its effect on health and wellbeing is critical.
We find that the ways in which households respond to these crises can have unintended or contradictory consequences for their environment and/or their health. For example, some strategies to mitigate high energy costs can create poor indoor environments with long lasting health effects. Despite the focus on outdoor air quality, it is increasingly clear that indoor air pollution has been largely ignored until recently. Indoor air quality includes damp and mould both of which are significant issues in less affluent and underheated homes.
This PhD project takes an interdisciplinary whole systems approach to addressing these problems, drawing on the combined expertise of the supervisory team, and supporting the student to think across disciplinary boundaries. The home and everyday life is at the centre of the project, and we expect the candidate to use this as a space in which to explore how these intersecting crises are managed and experienced. The empirical focus will be on diverse range of low-income households in the UK, with an emphasis on understanding the engineering design of homes, how people manage their home environment in different ways, and what knock-on effects technologies, practices and regulations have on their health and wellbeing. 
We will encourage the candidate to identify exacerbating effects (e.g. mould growth as a result of lack of ventilation due to attempts to keep warm) and virtuous circles (e.g. access to cool temperatures in hot weather and their impact on health). They will develop an understanding of the outcomes of different kinds of household management, and the socio-demographic patterns with which these occur. For instance, we know that practices associated with cooking have an impact on internal air quality, and that different households cook very differently, according to lifestage, ethnicity and other factors. Alongside these social aspects, the project will look at the physical environment characteristics including the building design, heating and ventilation systems and how this affects both energy use and indoor air quality parameters. 
We expect to draw on a range of primary and secondary data in this study. This will include data on building types, construction and engineering systems; indoor air quality over time in specific buildings; external air quality in the urban domain under study; qualitative data on lived experience of Fuel Poverty; and quantitative demographic data on specific neighbourhoods (available through the census, and index of multiple deprivation). 
As an impact-driven outcome to the project, we will expect the candidate to draft policy recommendations for guidance on effectively managing a range of home environments for health and wellbeing. We also can offer the opportunity to work more closely with a range of stakeholders interested in the outcomes of the project throughout, including Leeds City Council, housing associations and UKHSA. Finally, our international partners at the Danish Building Research Institute, Aalborg University, which includes a leading group of interdisciplinary academics working on buildings and resident practices, are keen to host an institutional visit for the candidate.",B69D7EAF-3C54-40CC-8713-0B4E9C484264,Studentship,,,,EPSRC,,,,Active,housing/damp/mould; policy/governance
"Revealing new insights into MDR evolution, ecology and transmission across human, animal and environmental microbiomes","Antimicrobial resistance (AMR) a growing global crisis, posing a significant threat to human and animal health. Approximately one million deaths a year are directly attributed to drug-resistant bacterial infections with a further four million deaths associated with resistant infections every year. To address this challenge, we are excited to announce our ground breaking research project aimed at understanding and addressing the complex drivers of multi-drug resistance (MDR) across the One Health continuum.

AMR is the process by which microorganisms such as bacteria and fungi adapt to survive and flourish in the presence of drugs used to treat infections. Bacteria can become resistant through random changes in their DNA (mutation) which enables their survival during antibiotic treatment. Of more concern is the fact that they can acquire foreign pieces of DNA (genes) through a process known as horizontal gene transfer, which allow bacteria to acquire resistance to multiple antibiotics in one step. 

AMR is not new, it has evolved in microbial populations in the environment over millions or billions of years to counteract antimicrobials naturally produced by fungi and bacteria, and these resistance mechanisms can move from harmless environmental bacteria to human pathogens. Globally, more antibiotics are used in intensive livestock farming than in clinical medicine and there is a strong association between antibiotic use in farming and resistance in animal gut microbiomes. This link between AMR in humans, animals and the environment has led to ideas around One Health, which acknowledges that to understand human health a broader consideration of animal and environmental systems is necessary. Although we know there is an association between AMR across One Health sectors, the relative importance of bacteria living in the environmental and livestock (ie. their microbiomes) and their role in emergence of resistance in human pathogens is poorly understood. Much like COVID-19 emerged from a wildlife reservoir, there are vast AMR reservoirs in animal and environmental microbiomes, and we need to understand the process that amplify these and lead to emergence in human pathogens.

We will apply new state of the art computational analyses to DNA sequence data from human, animal and environmental microbiomes in the UK and China, to determine which resistance mechanisms are actively evolving in different settings. This will be combined with novel machine learning and computational approaches to predict MDR in pathogens and bacterial populations allowing drivers of resistance to be quantified. We will use experimental evolution models to determine causal relationships between antibiotic use and development of resistance, including hypothesis testing informed by our analyses and replicating antibiotic use in clinical medicine, livestock production and antibiotic residues introduced to the environment by pollution. This data will be used to develop a new risk assessment framework, that for the first time will include data on evolutionary dynamics of resistance genes across One Health microbiomes. Our novel approach will be tested in a proof of principle case study on human wastewater microbiomes in the UK and China allowing socio-economic, demographic, genetic, evolutionary and environmental drivers to be considered simultaneously. We will also develop low-cost diagnostic tools for detection of key MDR markers. Outputs will be communicated at national and supranational level through the unrivalled networks of team members in China, the UK and organisations such as the WHO and UN.",B49890DE-76D2-4020-B34F-433191D1CFD5,Research Grant,,,,ISPF,,"This research project aims to address the pressing issue of multi-drug resistance (MDR) and enhance our understanding of its intricate drivers across the One Health continuum. By employing state-of-the-art methodologies, including -omics, bioinformatics, and machine learning, we will investigate the processes that amplify MDR in human, animal, and environmental microbiomes. 

We will investigate gene-level selective pressure associated with resistance in One Health microbiomes and pathogen pangenomes using adaptive variation analysis (pN/pS) of contigs, metagenome assembled genomes (MAGs) and pathogen pangenomes to generate an understanding of &quot;active&quot; selection pressure that can be incorporated into statistical analyses, models and risk frameworks. Novel machine learning approaches to predict AMR phenotype from genotype will be expanded beyond clinical settings to environmental microbiomes giving further insights into AMR carriage versus AMR usage. We will also study MDR specifically through gene association and disassociation in clinically important bacterial isolates, MAGs and pangenomes.

This data will be used to generate a risk assessment framework incorporating selection, phenotypic and co-occurrence data. Our combined approach will be tested in a proof of principle case study using wastewater-based epidemiology combined with multiple layers of socio-economic, prescribing, genetic, evolutionary and environmental data to elucidate AMR in human populations and quantify selection within waste-water treatment systems which is a global topic of concern. Unique markers of MDR identified will inform low-cost diagnostic tools developed to inform interventions.

Our overarching aim is to quantify the probability of selection and MDR evolution in One Health domains developing a systems level understanding of evolution and spread of antimicrobial resistance (AMR), that can ultimately inform complex AMR model development analogous to current climate models.",,Active,social science/sociology
Cohort for research into Living EnVironments and hEalth in childRen: CLEVER,"What is this project about?
We are setting up a new data resource called CLEVER (Cohort for research into Living EnVironments and hEalth in childRen: CLEVER) to allow researchers to study the link between environments in and around schools and homes, and children's health and education. 

Why are we doing this project?
Children are much more vulnerable to health-damaging features of the environment in and around their homes and schools than adults. Many children in England also lack access to services and infrastructure where they live and go to school. Being exposed to such things as outdoor air pollution, overcrowding, mould in the home, fast food advertising near schools, or having no access to greenspace during childhood is associated with the development of long-term conditions such as asthma, poor mental health, obesity and worse educational attainment. The Government is introducing a number of measures to improve environments and make housing safer. We need better data to understand how the local environment influences the health and education of children, and decide whether environmental policies introduced by the Government are improving children's wellbeing and school results. 

How are we going to do it? 
We will establish CLEVER, a national database containing data from schools, hospitals and community pharmacies on health and education histories for all children born in England from 2006 onwards, around 11 million children. Data for children will be linked to information about their mothers' health during pregnancy. We will combine the health and education data in CLEVER with data on local environments in and around children's homes and schools. This will allow researchers to carry out studies of how factors such as living near busy roads, growing up in an overcrowded house, or having access to parks and local services influence children's health and schooling from birth to teen age. To show how CLEVER data can be used, we will carry out a study to look at whether living or going to school near greenspace (such as public parks or gardens) helps teenagers' mental health, and whether living in areas with good childcare provision is related to how well children do at school. All data will be kept on secure servers and linked using methods that protect the identities of mothers and children. Ultimately, research based on CLEVER data will inform government departments and local councils, as well as the public at large, about how well their housing, environmental and planning policies are working to improve children's lives.",DD4352EE-E387-41B3-95A2-2381817C3634,Research Grant,,,,ESRC,,,,Active,housing/damp/mould
The re-enchantment of antiquity and romance revival in British literature and culture 1870-1914.,"There has been significant exploration of both nineteenth century romance revival, fairytale and folklore, and reception studies exploring the centrality of classical knowledge to Victorian writing. However, no extensive study has brought together classical reception, the history of archaeology, and literary and book history, to argue that there was a concerted effort to 're-enchant' classical antiquity in the mould of the 'faerie-esque'.

I explore 're-enchantment' as a restoration of an impression of wonder to perceptions of antiquity following a destabilisation of the neoclassical ideal by the excavation of ancient cities. I argue that the classical was romanticised in a dialectic encapsulating an enchanting 'mythic-ness' appealing to the vogue for the 'faerie-esque' (the preoccupation of writers and artists with fairytales and folklore, often bound up with medieval revival) while remaining redolent of the classical tradition. I make a case-study of the motifs of Pegasus, Perseus and Bellerophon by comparing anthologies of fairytale and folklore with those of ancient myth, alongside contemporary Victorian authors writing in the romance tradition, in periodical literature, and accompanying works of art and illustration. I examine romance revival in the Victorian literary tradition, but also argue that early modernist writers were heavily influenced by romantic conceptions of antiquity, showing how the early works of modernists were often 'romantic' rather than strictly 'modernist', and that the legacy of this literary upbringing often underlies the modernist text. 

Borrowing methodology from book history, I argue that the relationship between written and visual aspects of literature is key in formulating the dialectic between 'faerie-esque' and 'classical'. Illustrative matter combines the authority of the classical tradition with the enchanting space of the 'faerie-esque', and that a preoccupation with rich, visual aspects of literature corresponds to heightened interest in the material remains of ancient cultures. I suggest that certain visual symbols, such as that of Pegasus, come to act as a marker of literary quality associated with the romantic. This questions the paradoxical underlining of English Literature by 'foreign' ancient symbols, and the dialogue between 'English' and 'world literature'. Lack of work on the interplay between visual and textual in these contexts of excavation and the 'faerie-esque' revival has left gaps in scholarly appreciation of how both modern English Literature and Classics defined themselves against alternative historical models of 'literature', and notions of 'native' and 'foreign'. 

I aim to show how this dialectic plays a critical role in the formulation of nineteenth century national identities and the relationship between 'English' and 'world' literature, to move away from a one-dimensional view of literature and provide insight into how reception creates a multi-layered, nuanced view of identity and genre, whereby genre and content overlap to create new meanings. Pragmatically, I also hope to provide greater insight into how the materiality of text shapes meaning, and work closely with heritage organisations and bookshops to promote the study of different forms and editions of texts and raise awareness of the importance of different sources for texts, from second-hand bookshops to libraries and archives.",0569515F-2FD9-4721-9ADA-116CF855CB25,Studentship,,,,AHRC,,,,Active,arts/humanities
Transforming Housing and Homes for Future Generations,"The housing sector is responsible for around 20% of the country's total carbon emissions and with 80% of the homes that will be occupied in 2050 already built, retrofitting the country's existing housing stock to improve energy efficiency, and reduce carbon emissions, is critical to achieving the UK's net-zero targets. Retrofitting existing houses is an infrastructure priority for the UK Government; it is also a significant design challenge. Changes in housing fabric are essential to ensure that new low carbon heating and cooling solutions work effectively. Poorly executed retrofit measures can lead to unintended negative consequences, including increased problems with damp and mould, and reduced indoor air quality (affecting human health). Poor design can also cause damage to building fabric and cultural heritage. Current retrofitting approaches also rely heavily on synthetic and non-renewable materials, such as plastics and foam insulation, which can have negative environmental impacts. In some cases, the embodied carbon emissions of retrofitting measures can even exceed the carbon savings from reduced energy use.

Using bio-based and non-extractive materials in retrofitting offer promising alternatives, but currently occupy a small market share. Bio-based materials are derived from renewable resources, such as crops, mycelium, cork and wood, and have the potential to significantly reduce carbon emissions and environmental impact. Non-extractive materials are derived from a supply chain based on circular reuse and recycling of waste. Plant based materials, including timber, absorb atmospheric CO2 through photosynthesis, forming a 'biogenic carbon store'. As well as environmental benefits, bio-based products and systems offer energy efficient, healthy, and sustainable improvements to existing homes. However, despite their comparatively lower embodied carbon, the use of bio-based materials, compared to a number of other European countries, remains under-utilised in the UK.

Our project, the Transforming Housing and Homes for Future Generations Green Transition Ecosystem (GTE), will lead innovation through co-design, in a regional partnership between the GW4 universities (Bath, Cardiff, Bristol, and Exeter) and businesses, local authorities, and council-built estates and community groups. We will work with householders, community groups, local authorities, social landlords, the construction industry, and other key stakeholders, to co-create a green transformation. Centred on a process of design research, through transdisciplinary working, cross-sectoral and community participation, we will design, test, implement and monitor innovative prototype solutions to improve the quality of energy inefficient low-rise council-built housing. We will also seek to create a legacy of positive behaviour change, supporting job creation, local and regional supply chains, and strengthen local delivery capacities. We will create design proposals for Beyond Net Zero liveable homes through remodelling housing built by councils between 1920-1940, which account for approximately 1.1 million of the homes still in use in the UK today.

We will work with two communities in Bristol and Swansea to develop and demonstrate possible solutions. Our design led process will include co-design, digital modelling, prototyping, and testing of alternative options. Our solutions will create delight through improving spatial quality, well-being, affordability and ease of construction. Our design research will also promote the transition to living well through co-design methodologies enabling positive behaviour change including attitudes towards natural materials and sustainable living, fostering diversity, and supporting green transition goals. Through educational and wider community engagement, in partnership with our communities and the Future Observatory, we will also further retrofitting design skills.",D2E56A9C-D9AE-4523-8001-51A6A953FB6B,Research Grant,,,,AHRC,,,,Active,arts/humanities; housing/damp/mould
"'Chemists to the Nation, Pharmacy to the World': Exploring the Global Dimensions of British Healthcare and Beauty with Boots the Chemists, 1919-1980","This project will explore the largely unknown international history of British healthcare and beauty, using Boots the Chemists, Britain's most recognised chain pharmacist, as the central case study. The project spans the period from 1919, when the company posted its first sales agent overseas, to the streamlining of its divisions in 1980. It examines how Boots established itself as a prospector, retailer and manufacturer overseas, but also how it continually absorbed international influences as part of its home marketing strategies. Drawing on Boots' vast, underexplored archive (c.5,000 boxes of approximately 500,000 items), this project bridges medical, social, cultural, business, colonial and transnational history. The project team are not interested in writing a classic business biography of Boots' success and growth, rather they are interested in exploring what the Boots story reveals about the international dynamics of the British health and beauty industries. The central research question asks: How does Boots' international archive allow us to map the global networks that moulded and sustained British experiences of healthcare and beauty both at home and abroad? To answer this, thematically focused work packages will recreate the life-cycles of key products within six product domains (pain management, personal hygiene, surgical supplies, vitamins, perfumes, and skincare) across local, national and international spaces. These six focal areas have been selected because of their ample archival resources and their potential to illustrate how complex imperial and other global networks of materials, knowledge and people underpinned the development of British healthcare and beauty, both at home and overseas.

This pioneering research will appear in leading academic journals across the historical humanities and in a co-authored book. It will advance early career capacity by employing a full-time postdoctoral researcher, and provide additional opportunities for an already funded M4C doctoral student. Three interdisciplinary academic workshops will explore new perspectives on the internationalisation of the UK beauty and healthcare industries and will open the project to colleagues in geography, pharmacy, medicine, literature and linguistics.

The project team will showcase findings via an easily navigable website featuring information about the project, links to relevant resources and quarterly updated project stories, attractively illustrated with archival images. Some of these stories will be authored by the project team and some by 'citizen researchers'. These contributors will be identified through call outs via social media, Boots newsletters, and the local press, and might be local history enthusiasts, former Boots employees or business people reflecting on historical context. Additional outreach will include two pieces of popular history, a high-profile public exhibition, with a touring component and accompanying public talks, timed to coincide with Boots' 175th anniversary in 2024. A further outreach strategy targets professional archivists via three initiatives i) working with Boots Archive staff to help inform their cataloguing and digitisation strategies; ii) holding three innovative 'Archive Roadshows' where team members visit other significant business archives (Unilever, Marks and Spencer, John Lewis) to reflect on the usefulness and accessibility of their resources; iii) hosting an Archive Study Day to bring together company archivists throughout the UK. Finally, team members will work with Nottinghamshire County Council to run two 'Knowledge Labs' to consider how this research might stimulate creative thinking about current issues facing the UK high street. Sessions will discuss not only how local growth is internationally informed, but also how international markets are heavily influenced by smaller local developments.",68A32F82-0A06-4925-996C-69D935E88E49,Research Grant,,,,AHRC,,,"The research identifies three beneficiary groups in its impact strategy: 

1) the general public (reached via a website, a public exhibition with touring component, two popular history pieces):
During year one University of Nottingham Information Services, in collaboration with the project team, will build and launch an attractive project website. Simplicity will guide design, with archive-sourced visuals acting as portals to project information, a newsfeed of planned activities, and research stories. News stories will be regularly updated and announced via a linked Twitter account. To integrate the community into its local heritage, some stories will be authored, with project team support, by 'citizen researchers' (such as local history enthusiasts or former Boots employees or customers) recruited via callouts in social media, Boots newsletters, and the local press. 

A public exhibition, prominently showcased at the new Nottingham Central Library, and estimated to attract c.250,000 visitors during its four-month opening, will be rolled out to coincide with Boots' 175th anniversary. The exhibition, which has funding promised from Boots, will examine the international reach of, and international influences upon, this company in the development and reception of its beauty and healthcare provision. Three accompanying talks, pitched to non-specialists, will raise civic awareness about the international dimensions of this heritage story. A launch event for local dignitaries and media representatives, will be arranged to generate the widest possible publicity. After the exhibition, exhibition boards will tour three Nottinghamshire County Council libraries (Beeston, Arnold and Worksop) plus Nottingham Archives, with the team providing three more community focused educational talks for the council's library regeneration project.

Finally, two popular articles (The Conversation, History Today) will disseminate project findings to a wider public audience.

2) regional business leaders and economic development strategists (reached via two 'Knowledge Labs'):
In collaboration with Nottinghamshire County Council, two 'Knowledge Labs' in years two and three (on 'manufacture' and 'retail', respectively), will bring the project team together with councillors and local industry leaders to feed into discussions concerning economic development and urban regeneration. Each event will address a practical question of contemporary relevance and will begin with a presentation by the project team of their research before progressing to open discussion and workshop activities. The goal is two-fold: to create a novel networking opportunity between councillors, academics and business representatives; and to encourage creative discussions over the use of companies' local and global histories in tackling challenges facing UK manufacturing and high-street retail.

3) professional archival staff (reached via four Boots Archive Strategy Meetings, three Business Archive Roadshows and one Business Archive Study Day):
Annual meetings with Boots Archive staff will allow staff to dialogue with the project team. These meetings will help the team better understand the challenges and priorities that archivists face, as well as issues unique to corporate archives. This model will be extended to other major business archives via three innovative 'Archive Roadshows' at Unilever (Port Sunlight), Marks and Spencer (Leeds) and John Lewis (Cookham). In each case, the aim is to exchange experiences and to discuss the tensions around academic collaborations and public engagement within a corporate archival environment. The project will culminate in a Business Archive Study Day at Lakeside Arts, Nottingham, 2024. This event will bring together UK company archivists, librarians and conservators to share experiences of reaching, retaining and collaborating with academic researchers. Findings will be published in ARC, the archivists' professional trade magazine.",Active,arts/humanities; ethnography/cultural
Envisioning Vulnerability and Safety Otherwise: Artivist knowledge on gender-based violence in Mexico,"Mexico has one of the world's highest rates of gender-based violence (GBV). GBV in Mexico is shaped by complex and intersecting factors including human trafficking, the war on drugs, failures of the Mexican state, and the role of cartels, as well as cultural and social factors like the pervasiveness of machismo and patriarchal norms. In addition, like elsewhere, GBV itself is multifaceted and diverse in Mexico, shaped by intersecting axes of oppression such as gender (including trans*/cis status), age, race and ethnicity, sexuality, socio-economic status, and migration/(un)documented status.

Within this context, a vibrant and multifaceted feminist movement has surged in the last decade, demanding an end to this epidemic of GBV. The feminist movement in Mexico is characterised by its use of creative strategies, many of which fall into the category of 'artivism': the use of arts-based methods to pursue social movement goals. The actions carried out by artivist groups use culture to challenge cultural norms. Moreover, the process of creating, designing and executing these projects constitutes a form of collaborative feminist knowledge creation, through which activists use lived experience, feminist theory and activist strategies to create new understandings of what it means to achieve justice for survivors of gender-based violence.

This project uses participatory, arts-based research methods to build knowledge in collaboration with a diverse collection of artivists working against GBV. We do this in pursuit of two specific but interlocking aims. First, we will produce new insights into the diversity of experiences of GBV, and into everyday resistance strategies. This will include recognition of the specific vulnerabilities that anti-GBV activists experience in Mexico, where their work often puts them at risk of violence. Second, we will explore artivism's power to break the mould of dominant ways of thinking about GBV, and to imagine new possibilities for understanding and generating safety outside of the limiting criminal justice frameworks provided by the state.

We draw on two main methods: photovoice, and zine making, and the outputs we create will allow us to make significant contributions both within and beyond academia. Our academic outputs will make a significant contribution to scholarship on GBV and on the use of arts-based methods. Empirically, we will create knowledge about intersectionally-mediated experiences of everyday vulnerabilities to GBV in Mexico, and about how people navigate and resist these in order to maximise their safety. In addition, we will develop arguments about how we might think outside of conventional assumptions to imagine a world without GBV. Our contributions will be of interest to scholars of politics, social movement studies, gender studies, Latin American studies, and art studies.

On the impact side, we will co-produce a zine together with artivists that will communicate knowledge about vulnerability, safety, building a world without GBV, and artivism as method. Published in both Spanish and English, the zine will be targeted towards activists hoping to find new tools for their work, and towards NGOs and policymakers looking to improve responses to and efforts to end GBV. It will thus open space for different high-level conversations about the orientation of efforts to end GBV and the allocation of resources. It will be a powerful tool in promoting both South-South and South-North learning, particularly across other Latin American contexts but also further afield.",820E9881-0EB9-4174-BF6A-A45970E7577F,Research and Innovation,,,,AHRC,,,,Active,social science/sociology
HESTIA: Home Environment Solutions through Technology and Innovation for All,"What is this network about?
The HESTIA Network (Home Environment Solutions through Technology and Innovation for All) aims to create a new approach to home design and upgrades, integrating existing and emerging building technologies to make buildings healthy for all people, and for the environment by reducing carbon emissions.
Who are we?
HESTIA is a team of interdisciplinary researchers from leading UK universities, spanning engineering and architecture, environmental and atmospheric sciences, human health and the social sciences. We work closely with government and housing organisations that manage housing provision, regulation, and design, and with communities most affected by unhealthy homes to ensure that HESTIA helps to improve health for all.
Why focus on housing?
Many millions of homes in the UK are being built, and upgraded with a focus on improving energy efficiency to reduce carbon emissions. This is typically achieved through improving building thermal insulation and airtightness to prevent heat loss. However, minimal attention is paid at the moment to what this means for the health and wellbeing of the people living in them. Housing is a key factor that determines people's health because people spend more than two thirds of their time indoors at home, and current evidence suggests that deprived communities tend to suffer from poorer quality housing. While energy efficiency upgrades can improve health and reduce health inequalities through, for example, tackling the ongoing fuel poverty crisis, high levels of building thermal insulation and air tightness can worsen the quality of our indoor environments if not implemented properly. For example, they can increase exposure to harmful indoor air pollutants, damp and mould, and make indoor temperatures uncomfortable in the summer. In turn, this can worsen mental and physical health, and health inequalities.
Many new and established technologies are currently being installed into homes alongside building insulation to make them more energy efficient, such as smart meters that monitor energy use, and replacing gas boilers with heat pumps. At the same time, new technological devices such as low-cost air quality sensors and air cleaners are increasingly being used in homes to make them better for human health. The HESTIA Network will address how these technologies can work together to both improve environmental health through reducing carbon emissions while improving physical and mental health and reducing health inequalities.
What will the HESTIA network do?
The HESTIA Network will focus on:

Building community: We will build a community across academic disciplines, policy, industry, and the general public through a series of in person and online activities. We will share research, best practice, and lived-experience to create a forum to guide policy, practice, and research on housing to ensure health and equity are central considerations.
Developing research potential: Working with our full range of network members, we will roadmap research and innovation priorities, and fund feasibility studies to understand the role that different engineering interventions and technologies can play in home environments to improve human and environmental health for everyone.

Promoting future leaders: We will prioritise researchers in the early stage of their careers to develop future leaders who are equipped to work across different academic disciplines and sectors, as well as with the general public, to co-design and deliver housing solutions in an equitable way.",72543CFF-AA63-493C-94D9-D32869E6A59A,Unknown,,,,EPSRC,,,,Active,social science/sociology; housing/damp/mould; policy/governance; inequality/justice
Quantifying how host genotype and microbiome composition combine to influence susceptibility to Dothistroma needle blight disease in pine trees.,"A key challenge in plant disease research is to understand how the interactions between the plant host and its associated microbiome (the bacteria, fungi and viruses that exist within/on the plant) affect plant disease incidence and severity. These interactions are affected by genetic variation in the host, environmental conditions, and the variety microbes in the host's microbiome. For this project we focus on the pine tree disease Dothistroma needle blight (DNB), that detrimentally affects the growth and life span of pine species worldwide. As trees will also play a critical role in combatting our current biodiversity and climate crises, an understanding of the factors governing the arrival and spread of tree diseases, and how they impact tree health, are important policy strategies. Innovative research on tree health, as proposed in our project, will deliver to these strategies.
DNB is caused by Dothistroma septosporum, a UK listed quarantine fungus that is now found worldwide, where it affects more than 100 tree species including the commercial timber species Scots pine, Corsican pine and Lodgepole pine. DNB is a foliar disease affecting the pine needles that causes a variety of symptoms including premature needle loss. These symptoms result in reduced timber yields and can cause tree death. Currently the only treatment for DNB is tree stand management to reduce the favourable conditions for spread and the use of fungicides on nursery trees. 
In this project we will test our hypothesis that the genetics of the host tree drives microbiome composition and interactions of the pine needles to alter the trees susceptibility to DNB. To achieve this we will combine existing host genetic data from our established Scots pine tree trial with new nucleic acid sequencing information on the pine needle microbiome. We will use meta-genomic and meta-transcriptomic sequencing. Meta-genomic sequencing provides a microbe inventory (&quot;what is there?&quot;) and meta-transcriptomic sequencing tell us which community members are active (&quot;what are they doing?&quot;). We have three specific objectives 1) quantify the extent to which host genetic variation explains variation in microbial community composition and susceptibility to DNB, (2) evaluate temporal variation in microbiome composition and function during D. septosporum infection and (3) predict which microbiome community members interact with D. septosporum and which impact on host susceptibility to DNB.
Our proposal addresses key challenges within the BBSRC integrative microbiome research priority (1) relating host genotype to microbiome composition and health status, and (2) characterising functional properties of the microbiome and the genes driving the microbiome-host relationship. The benefits of this proposal are two-fold: (a) we will understand how host genetics and microbiome composition combine to influence susceptibility to DNB disease in pine trees and (b) we will develop publicly available methods to integrate multi-omics (metagenomics, meta-transcriptomics and genotyping) data which will be directly applicable to many different host-microbiome systems, from plants to humans. The project will benefit forest researchers with interests in tree disease management and agricultural researchers with interests in the effect of crop genetics on microbiomes and crop disease incidence and severity. The project will also benefit computational biologists and biologists integrating metagenomics, transcriptomics and genotyping datasets to answers diverse biological questions.",2F65F5B6-6092-494F-A183-D50832744ECA,Research Grant,,,,BBSRC,,"A key challenge in plant research is to understand how interactions between a plant host and its microbiome affect plant disease incidence and severity. These interactions are driven by genetic variation in the host, environmental conditions, and the dynamics of the microbial community, including the pathogens. Dissecting the relative importance of these components, ideally under controlled experimental conditions, can provide a major advance in understanding plant disease. We propose to use an integrative microbiome approach and focus on Dothistroma septosporum, the pathogen causing Dothistroma needle blight (DNB) in pine trees. However, the methods are applicable to diverse plant host-pathogen systems. DNB is a disease that detrimentally affects &gt;100 economically and environmentally important pine species worldwide. By quantifying a host tree's genetic variation, disease incidence and their microbiome in concert, this project will enable a step change in our understanding of the host-microbiome-pathogen interaction. Our hypothesis is that, in a given environment, host genotype drives foliar microbiome composition and interactions to alter host susceptibility to DNB. To test this hypothesis we will 1) quantify the extent to which host genetic variation explains variation in microbial community composition and susceptibility to DNB, (2) evaluate temporal variation in microbiome composition and function during D. septosporum infection and (3) predict which microbiome community members interact with D. septosporum and which impact on host susceptibility to DNB. We will integrate existing host genotype data from our established common environment progeny-provenance trial for Scots pine with new amplicon and RNA sequencing data. We will apply association genetic analysis and Bayesian network modelling. Our project addresses key challenges within the BBSRC integrative microbiome research priority.",,Active,policy/governance
Co-designing Forests,"This research project is a collaboration between Forestry England and design-researcher Liam Healy (based at Goldsmiths, University of London), that will work in conversation with those who visit and dwell in forests to design forms of access to them. We will explore how the design of paths and trails might be harnessed to contribute to woodland health, sustainability and expansion. We see the fun and joyous experiences of being, playing, and moving through the woods as an excellent opportunity to bring diverse groups into conversations and actions around the future of forests. 

Spending time in and providing access to woodlands is increasingly recognised as important for physical and mental human wellbeing, but this needs to be done carefully to protect and maintain those natural places; we need to tread lightly. Since the COVID-19 pandemic Forestry England have found that visits to their woodlands have dramatically increased, and in some cases, this has brought about conflicts and new challenges. At the same time, expanding forests and woodlands has become an increasingly important means for addressing the climate emergency, and in the UK tree planting has become a key governmental policy. However, researchers have pointed out the importance of involving local communities in the process of woodland creation, planning and planting to ensure the long-term support, sustainability and care of trees. This research will investigate the ways these two factors might be harnessed so that increasing interest in access to forests can contribute to re-foresting and forest health, produce more resilient and culturally rich environments, and at the same time improve the health of visitors and forest dwellers. 

The research will work with local communities to design alternative forms of paths and trails that work with the health and expansion of woodlands in mind. We aim to make paths that contribute to the forest instead of destroying it by thinking about how different materials, route design, features and planting can improve and work with the environment. 

We will do this by running a series of design workshops over the course of three years in sites around the Southwest of England, that local communities are warmly invited to participate in alongside stakeholders and decision makers. The workshops will involve a broad cross section of woodland communities, including walkers, foresters, trees, conservation groups, cyclists, animals, horse-riders, landowners, fungi, and plants (what we call more-than-human forest communities). In these workshops we will imagine different possible futures for the UK's forests, and look for ways to make them more culturally rich, bio-diverse, and inclusive (to both humans and non-humans). We will work with several design methods during these sessions, including speculative and participatory design, sketching and prototyping, as well as working on the ground to build new trails and features with nature in mind. 

By the end of the project, we will have worked with several local communities and forestry experts to dream up, design, and prototype a series of trails and features, observed and evaluated how they get used, published our findings in various conferences, and reported our results back to the local communities through a series of inclusive exhibitions.",BDD4A8AF-29C8-41AD-9652-E78597116D72,Research Grant,,,,AHRC,,,,Active,anthropocene/multispecies; policy/governance
"Modernist whimsy: entertaining difficulty in the work of Marianne Moore, Gertrude Stein, and Stevie Smith","My thesis is interested in what happens when we centre whimsy in critical discourse and examine the writers and poetical forms it attaches to. This is in response to the note of embarrassment that whimsy has sounded in a literary-critical context: in the modernist period, it is often used as a dismissal, describing a poetic mood or literary device that is overly fanciful. My research proceeds from Will May's crucial observation that whimsy has also been an 'expedient' category for critics to use, particularly of women poets. I take his arguments as an invitation to centre the playfulness of modernist women's poetry and interrogate the ways in which this playfulness has been disparaged. My thesis thus looks both at the ways
whimsy works within texts and the ways it has moulded our critical understandings of texts as part of a feminist reframing of whimsy's aesthetic and critical value. Through analysis of the poetry of Gertrude Stein, Marianne Moore and Stevie Smith, my contention is twofold: first, that as a gendered aesthetic category, whimsy works unevenly to sabotage the reception of some poets and not others; and second, that an awareness of the structures that make whimsy a fraught mode figures prominently in the work of Stein, Moore and Smith, who organise these tensions into a complex form of self-fashioning.

Whimsy in the twentieth century arises as a category in contrast to difficulty, that hallmark of high modernism whose legacy continues to shape conceptions of art and professionalised literary criticism. As Leonard Diepeveen writes, difficulty has 'become the necessary condition for canonization'. Whimsy, as 'failed' art, might seem to be another means of policing this distinction between the serious and the throwaway. The contention of this thesis, however, is that the association of whimsy with critical in scrutability has given such texts and writers the licence to evade aesthetic and critical conventions. May writes in a gloss on an 1892 review of Emily Dickinson's poetry that '&quot;whimsical&quot; stands in for a term the
male reader cannot find for a poetics he cannot decipher'. In this formulation, whimsy replaces difficulty as part of a gendered reaction to a poem he finds challenging. My argument centres on the challenge whimsy here inscribes, considering whimsy as its own complex category, and not just a dismissive substitute. I proceed from the 'working definition' of whimsy that Deborah Bowman offers in her paper on the readymades, which drives towards its puzzling demands: 'something which makes you wonder, with all
possible tonalities: Imagine taking that seriously.' Staging whimsy as a double-minded invitation to dismiss something and to entertain it - in other words, less a quality of an object than it is an entreaty to do something with it - her definition parallels Diepeveen's emphasis on the experiential quality of difficulty, which he describes as an 'interaction between text and reader'. Rather than describing the aesthetic properties of an object, difficulty and whimsy therefore describe a relationship with an object, and the set of affects
this entails.

This understanding provides the terms of my interrogation of whimsy as a critical concept, and my use of it as a tool to read Stein, Moore and Smith, building on the limited scholarship that exists on the category. Where May, in separate essays, has addressed the question of whimsy's role in 'contain[ing] the intellectual role of women in society' (with reference to Dorothy Parker, Moore, and Sylvia Plath) and its use as ethical excuse (with reference to Ezra Pound), my PhD will bring these perspectives together to demonstrate that the risks of whimsy are fundamentally gendered.",6CDEE8E8-1B5A-4C1A-A210-796C2C3C0EDE,Studentship,,,,AHRC,,,,Active,arts/humanities
BioClocks UK: Supporting The Biological Rhythm Research Community To Deliver Impact,"The UK has a thriving research community that studies biological rhythms, most notably, the internal 24 hour body clock that most of us recognise as dictating, among many other things, our regular sleep patterns. However, the 24 hour body clock regulates circadian (Latin 'circa', about, 'diem', day) rhythms in all aspects of behaviour, physiology and metabolism and is a ubiquitous characteristic of the life of animals, plants, fungi and some bacteria that inhabit the surface of our rotating planet. Organisms have thus adapted their lifestyles to anticipate the relentless 24 hour cycles of light and dark, warmth and cold. Consequently, it is hardly surprising that disruption of the body clock can have many adverse effects on health and well-being and this is observed most acutely in the 20% of the UK workforce that works chronic shifts. UK and international funding agencies, public and private, have invested &pound;160M in UK research on biological clocks/sleep in the last 11 years reflecting the importance of the biological clock in human, animal and plant health, sleep, pharmacology, lighting in the workplace and alertness, mental health, agriculture, entomology etc with the recognition of enormous economic cost that disrupted clocks have on our 24-hour society. Three of our American collaborators who identified the molecular basis of all animal clocks were awarded the 2017 Nobel Prize in Physiology or Medicine, further acknowledging the immense scientific contribution of chronobiology.
 Despite this success, a major problem of UK research, not just in chronobiology, is translating that research into impact. A principal investigator of a research grant has to focus on getting the work done and as an individual may find it quite difficult to devote the necessary time to disseminate and publicise the results to appropriate interest groups and stake holders and may even not be fully aware of who might represent the relevant bodies. BioClocks UK represents researchers whose interests lie in the study of biological rhythms. Due to goodwill and hard work of a few volunteers from various universities and institutes, BioClocks UK was established this year as an informal network to support the UK clock research community, with a website and community agreement to foster outreach, training and to stimulate impact. 
 We propose to place BioClocks UK on a firmer footing by employing a fulltime coordinator who will unlock our communication potential to relevant stake holders and raise awareness of the translatability of clock research into educational, medical, commercial and national policy environments. We have strong support from the equivalent European, American and Japanese organisations, which are working on these same policy areas, for example presenting the health and social evidence that put Daylight Saving Time on hold in Japan. The research community is key to these aims, so we will also support researchers more directly. The coordinator will coordinate networks of UK chronobiology groups by arranging meetings to identify mutual research interests thereby helping to define priorities for further collaborative funding. He/she will coordinate training for researchers in data management, policy engagement, media interactions and maintain the BioClocks UK web resources. 
 Bioclocks UK has an important message to deliver to interest groups, including government, and translating our research into action will far outstrip, even simply in economic terms, any investment in a single research proposal. A coordinated and focused effort by the UK clock community to foster engagement with stakeholders eclipses in scale what could be achieved by any individual or group of investigators who have limited time to devote to impact.",C8FBD7E9-EA37-4B9A-B311-31382BFA0EF5,Research Grant,,,,BBSRC,,"Circadian 24-hour rhythms controlled by the endogenous biological clock infiltrate every aspect of physiology and behaviour, from the human sleep-wake cycle to plant pathogen resistance. Circadian rhythms share key properties and the endogenous 24 h timer is integrated into other phenotypes, such as circatidal rhythmicity, animal navigation, migration and seasonal reproduction, including in crops and livestock. Disruption of circadian clocks, for example via shiftwork, reduced indoor light exposure or nighttime light pollution affects the health and well-being of humans, animals and plants. Yet the direction of travel for industrialised societies is to maintain or even consolidate a 24-hour society with all the associated problems. Bioclocks UK aims to communicate the research community's science and its policy relevance to a large number of stakeholders and interest groups that include government, industry, health and essential services, education, agriculture etc. It will create a hub for communication and dissemination via its website and generate outreach material for broad audiences, quarterly newsletters to update and inform the research community, and update and develop the online BioDare2 resource that is widely used for time series data analyses. Bioclocks UK will underwrite and train members of the research community in data analysis and management, policy, media involvement and communicating to interest groups and the general public at workshops held in association with our regular one-day UK Clock Club network meetings. It will also catalyse interactions among UK groups by mobilising cross-sectoral networking to focus future studies on key needs by holding research forums in association with UK Clock Club. Finally, Bioclocks UK will engage with international chronobiology/sleep organisations such as SRBR, JSC and EBRS to coordinate, align and develop policy objectives where these organisations are already active.",,Active,policy/governance
Biodiversity dynamics in the Anthropocene: Re-purposing air quality networks for global scale species monitoring,"Biodiversity on land provides huge benefits to humanity through carbon capture, resilient ecosystems, provision of food, and effects on human health. To manage and conserve our resources we need to understand how biodiversity is changing in response to the environment and human impacts. Moreover, we have implemented global targets to measure and protect nature through recent international agreements. Commonly used methods of reporting (e.g., datasets generated by citizen scientists) have limitations in terms of spatial, temporal and taxonomic resolution. This is problematic given that ecological communities are naturally dynamic systems in which both species and their interactions change, and these kinds of data are necessary to assess nature recovery. Both positive and negative human impacts on nature happen on relatively short timescales, but data are not collected with sufficient regularity for us to understand and manage these rapid changes. Coverage within datasets is biased towards popular animals (e.g., birds), with greater records coverage in densely inhabited areas.

I have pioneered an approach that will deliver widespread, rapid understanding of biodiversity and ecological community dynamics on land. My initial work has shown that airborne environmental DNA (eDNA) is shed from animals, plants and fungi into the atmosphere, and that this broadly reflects the composition of the surrounding community. I have recently shown that this material is being continuously collected by an existing globally distributed infrastructure: air quality monitoring networks. These networks are filtering the air at daily or weekly intervals to measure particulates and pollutants but are also inadvertently collecting information on biodiversity. 

My overall aims are to understand how ecological communities are responding to human impacts globally and deliver technological solutions to the problem of scale in biodiversity monitoring using the air quality networks. I will do this by working with the environmental departments of four countries to analyse the molecular information from their air quality networks over three years. I will explain finescale temporal variation in species richness, turnover, community composition and ecological network &quot;modules&quot; (groups of tightly co-occurring species), and how these change over time according to environmental variation and human impacts. In addition, the recent COVID-19 pandemic offers the opportunity to quantify the effects of reducing human activity on biodiversity dynamics within the framework of a natural longitudinal experiment. While usual biodiversity monitoring was halted during these years, air quality monitoring continued, and these filters have been stored in long-term archives. I will work with an additional five countries (Switzerland and four countries in S America and Asia from the GAPS megacities project) to quantify the impacts of the &quot;Anthropause&quot; on biodiversity dynamics and ecological network properties.

I will harness a multidisciplinary approach to further study the nature of airborne environmental DNA itself. Working with atmospheric scientists, I will study the particulate size range of airborne eDNA, in addition to the effects of sampling time and local weather conditions on samples. A combination of field experiments and particulate dispersal modelling will allow me to understand how far eDNA disperses from animal populations. These experiments will be used to inform other work packages in the FLF, but will also be of great interest to end-users implementing the technology. 

This work will have multiple beneficiaries from many sectors because society increasingly recognises that biodiversity preservation is both a cross-sector responsibility and challenge. I will work with policy stakeholders to explore how these data inform the UK's initiatives to protect and restore nature, monitor invasive species and forecast responses to future environmental changes.",A2B6BF0E-2D6F-4BAA-8175-43FF7F713094,Fellowship,,,,UKRI FLF,,,,Active,anthropocene/multispecies
"Future Ecologies of Art: Exploring Kew as a site for past, present and future artistic collaborations","Kew's gardens, collections and research offer extraordinary opportunities to artists. Informed by an analysis of selected arts collaborations at the Royal Botanic Gardens Kew since the 1960s, 'Future Ecologies of Art' is the first interdisciplinary project that explores Kew's potential to work with artists on diverse and inclusive storytelling about two specific issues: the climate crisis and social justice. Increasingly botanic gardens are turning to artists to create links between scientists, horticulturalists and the public in order to expand their narratives. The project traces these developments and proposes to take botanic gardens seriously as sites of experimental artistic research and engagement. It emphasises the power of artists to capture imaginations, advance alternative and interdisciplinary forms of knowledge-creation and inspire audiences.

The project maps arts collaborations, their evaluations and learnings at Kew via interviews with artists, curators, archivists and scientists as well as through archival research. In this context, it asks how diversifying access to collections and centring artists from marginalised backgrounds can feed into future arts projects. Here it places particular emphasis on investigating - with artists and researchers at Kew - how the increasingly urgent themes of the climate crisis and social justice can be mediated by artistic practices and support Kew's mission to protect plants and fungi for the wellbeing of people and all future life on the planet. The project investigates how art can build bridges between disciplines and audiences in the context of the botanic garden to give visibility to the climate crisis and social justice. It is structured in three phases, (1) an initial phase of scouting interviews, strategy and literature analysis, (2) a research development phase including interviews with Kew staff and artists who have worked with a range of botanical organisations (3) a public outcomes phase which will see two teaching collaborations with UK universities (the MA Art and Ecology at Goldsmiths and the BA Fine Art at Chelsea College of Art), two workshops, two journal articles and a best practice report for Kew. Throughout each phase it is also informed by a placement with the Royal Botanic Gardens Edinburgh to explore its arts strategy, broken down into three one-month research stays.

The project is situated in the interdisciplinary Plant Humanities and dialogues with museum and heritage studies, particularly a recent focus on diversity, equity and inclusion. It also responds to recent developments in contemporary art theory and art history, especially current turns to ecology and social justice in art practice and a cultural climate in art institutions where artists globally critically engage with plants. It takes seriously Kew's recent commitment to arts collaborations which was highlighted in Kew's Manifesto for Change (2021) aiming to bring together artists and scientists to explore storytelling; and in the current Science Strategy (2021) as a commitment to arts collaborations as societal bridges. 

The project is conceived around the following research question: 

Drawing from Kew's history of arts collaborations, how can present and future artistic collaborations support GLAM sector organisations to explore diverse storytelling around the themes of climate crisis and social justice?

It is further structured around these guiding questions:
- How have official collaborations between Kew and artists evolved and been evaluated since 1960? What have been avenues for informal collaborations?
- How can Kew encourage artists from marginalised backgrounds to work with collections?
- How can art collaborations strengthen Kew's mission and advance interdisciplinary forms of knowledge-creation?
- What roles can artists take in botanical research organisations to interpret collections for different audiences, and how can these translate to teaching materials?",59A7AFC9-1C2C-4BD4-A1E1-CCC45D3B8F33,Fellowship,,,,AHRC,,,,Active,arts/humanities
Yeast on our Skin: Decision Makers between Homeostasis and Cutaneous Allergy,"Skin diseases have a high global prevalence. Although usually not lethal, they significantly limit the well-being of those affected and consequently are listed the 4th greatest non-fatal disabling condition, with atopic dermatitis (AD) and dermatomycoses ranking among the most frequent skin pathologies. AD is a chronic-relapsing pruritic disorder affecting up to 20% of children and 10% of adults in developed countries. AD often precedes other allergic morbidities, (allergic rhinitis, asthma), thereby significantly enhancing the disease burden with high psycho-social (anxiety, depression, social withdrawal) and socio-economic burden. There is currently no cure for AD. While the introduction of targeted systemic immunomodulatory therapy has been a game-changer for many moderate/severe AD patients, we still face 10-25% treatment failures. AD therefore represents a major public health issue with a large unmet medical need and requires research investment to generate tractable innovations to mitigate these health burdens.
AD skin is characterized by barrier defects and sensitization against normally harmless environmental antigens, including components of an individual’s own microbiota. While the pathogenic role of Staphylococcus aureus in AD is well established, that of skin fungi is not. The skin mycobiota is unique as it is dominated by members of a single fungal genus, Malassezia, which display remarkable diversity. Understanding how the prevalent commensal skin fungus Malassezia becomes a target of the hypersensitivity response in atopic skin and thereby contributes to disease pathogenesis will open new avenues in AD therapy that target the mycobiome to overcome current treatment failures. Given the emergence of antifungal resistance and the pre-existing resistance of many Malassezia strains to common antifungal agents, more specific strategies to target Malassezia are required, and for this, a better understanding of the dysfunctional fungus-host interaction in AD is essential.
This programme builds on established collaborations and brings together world-leading experts in immunology, mycology, and dermatology to test the hypothesis that in addition to host factors, variation in Malassezia genotype or phenotype contributes to the dysfunctional host-fungus interaction underlying AD. In support of this hypothesis, Malassezia exhibits a remarkable degree of strain variation which segregates according to their healthy vs. atopic skin habitat.
The key objectives of this programme are to:

Define the fungus-host interface responsible for driving immunosurveillance of the skin commensal yeast Malassezia during homeostasis.
Identify fungal pathogenicity determinants underlying the dysfunctional host-microbe interaction in AD that results in sensitization to Malassezia.
Inform whether modulating the skin mycobiome, and targeting the Malassezia-host interface in particular, may benefit difficult-to-treat AD patients and overcome treatment failure.

Using Malassezia isolates from AD patients and genetically tractable laboratory strains of Malassezia in combination with clinical data and experimental disease models we aim to identify key fungal determinants underlying the immunopathological outcome of the fungus-host interaction in AD skin. At the intersection of medical mycology, dermatology, and allergology and by combining basic and clinical research, this programme will generate fundamental new insights into the host-fungus crosstalk in skin, providing a new perspective on the pathogenesis of AD. It will further propose new targets for the prevention and treatment of one of the most common skin diseases including treatment resistant AD. This in turn will pave the way for precision medicine interventions in patient management through preventive or therapeutic targeting of the mycobiome or altered downstream host-interaction pathways.",978BF7E4-3776-4CC1-8950-EAFC916AAE6D,Research and Innovation,,,,MRC,,,,Active,social science/sociology
